﻿<?xml version="1.0" encoding="UTF-8" standalone="yes"?>
<addon id="plugin.video.et-tv" name="Ethiopian Television" version="1.1.2" provider-name="dwbfox">
    <requires>
		<import addon="xbmc.python" version="2.14.0"/>
	</requires>
	<extension point="xbmc.python.pluginsource" provides="video" library="default.py">
		<provides>video</provides>
	</extension>
	<extension point="xbmc.addon.metadata">
		<platform>all</platform>
		<summary lang="en">Watch live streams from various Ethiopian broadcast television sources, currently supporting the following channels: EBS TV, EBC 1, EBC 2, and EBC 3.</summary>
		<description lang="en">Watch live streams from various Ethiopian broadcast television sources, currently supporting the following channels: EBS TV, EBC 1, EBC 2, and EBC 3.</description>
		<license>GNU General Public License, v2</license>
		<language></language>
	</extension>
</addon>
