<?xml version="1.0" encoding="UTF-8" standalone="yes"?>
<addon id="plugin.video.et-tv" name="Ethiopian Television" version="2.0" provider-name="dwbfox">
    <requires>
		<import addon="xbmc.python" version="2.1.0"/>
	</requires>
	<extension point="xbmc.python.pluginsource" provides="video" library="addon.py">
		<provides>video</provides>
	</extension>
	<extension point="xbmc.addon.metadata">
		<platform>all</platform>
		<summary lang="en">Now supports Krypton! Watch live streams from various Ethiopian broadcast television sources, currently supporting the following channels: EBS TV, EBC 1, EBC 2, and EBC 3.</summary>
		<description lang="en">Now supports Krypton! Watch live streams from various Ethiopian broadcast television sources, currently supporting the following channels: EBS TV, EBC 1, EBC 2, and EBC 3.</description>
		<source>https://github.com/dwbfox/kodi-ethiopian-tv/</source>
		<license>GNU General Public License, v2</license>
		<language></language>
		<platform>all</platform>
	</extension>
</addon>